[
  { "id":1,
    "name":"yuva",
    "salary":24000
  },
  {
    "id":2,
    "name":"nuthan",
    "salary":26000
  },
  {
    "id":3,
    "name":"vini",
    "salary":25000
  },
  {
    "id":4,
    "name":"mohith",
    "salary":27000
  },
  {
    "id":5,
    "name":"harsha",
    "salary":23000
  },
  {
    "id":6,
    "name":"karteek",
    "salary":28000
  },
  {
    "id":7,
      "name":"mohith",
      "salary":29000
  },
  {
    "id":8,
      "name":"gowtham",
      "salary":23000
  },
  {
    "id":9,
      "name":"prashanth",
      "salary":28000
  },
  {
    "id":10,
      "name":"deva",
      "salary":25000
  }
]
